{"cameraMode":{"drawMode":0,"name":"Shaded","section":"Shading Mode"},"sceneLighting":false,"audioPlay":false,"sceneViewState":{"showFog":true,"showMaterialUpdate":false,"showSkybox":true,"showFlares":true,"showImageEffects":true,"showParticleSystems":true},"in2DMode":false,"pivot":{"x":36.941673278808597,"y":81.70105743408203,"z":38.199066162109378},"rotation":{"x":-0.10830177366733551,"y":-0.4031991958618164,"z":0.04816801846027374,"w":-0.9074097871780396},"size":17.602725982666017,"orthographic":false}