{"cameraMode":{"drawMode":0,"name":"Shaded","section":"Shading Mode"},"sceneLighting":false,"audioPlay":false,"sceneViewState":{"showFog":true,"showMaterialUpdate":false,"showSkybox":false,"showFlares":true,"showImageEffects":true,"showParticleSystems":true},"in2DMode":false,"pivot":{"x":-1.1522972583770753,"y":-0.6992322206497192,"z":-8.597786903381348},"rotation":{"x":-0.2336500734090805,"y":0.3907841444015503,"z":-0.10325024276971817,"w":-0.88432776927948},"size":0.8660253882408142,"orthographic":false}